epoch,wrn_so_count,wrn_so_pct,wrn_rho,vit_so_count,vit_so_pct,vit_rho,res_so_count,res_so_pct,res_rho
1,0,0.0,0.971,0,0.0,0.937,0,0.0,1.0
2,0,0.0,0.914,0,0.0,0.874,0,0.0,0.971
3,0,0.0,0.856,0,0.0,0.811,0,0.0,0.943
4,0,0.0,0.799,0,0.0,0.684,0,0.0,0.914
5,0,0.0,0.741,0,0.0,0.621,0,0.0,0.886
6,0,0.0,0.684,0,0.0,0.558,0,0.0,0.857
7,0,0.0,0.626,0,0.0,0.432,0,0.0,0.829
8,0,0.0,0.602,2,5.26,0.388,0,0.0,0.8
9,0,0.0,0.564,6,15.79,0.362,0,0.0,0.771
10,0,0.0,0.531,8,21.05,0.337,0,0.0,0.743
11,0,0.0,0.498,8,21.05,0.287,0,0.0,0.714
12,0,0.0,0.464,8,21.05,0.261,0,0.0,0.69
13,0,0.0,0.431,8,21.05,0.236,0,0.0,0.67
14,0,0.0,0.397,8,21.05,0.186,0,0.0,0.65
15,0,0.0,0.381,8,21.05,0.16,0,0.0,0.63
16,0,0.0,0.35,8,21.05,0.15,0,0.0,0.61
17,0,0.0,0.328,8,21.05,0.14,0,0.0,0.59
18,0,0.0,0.309,8,21.05,0.12,0,0.0,0.57
19,0,0.0,0.289,8,21.05,0.11,0,0.0,0.55
20,0,0.0,0.27,8,21.05,0.1,0,0.0,0.53
21,0,0.0,0.25,8,21.05,0.079,0,0.0,0.51
22,0,0.0,0.231,8,21.05,0.069,0,0.0,0.49
23,0,0.0,0.221,8,21.05,0.063,0,0.0,0.476
24,0,0.0,0.203,8,21.05,0.055,0,0.0,0.462
25,0,0.0,0.191,8,21.05,0.051,0,0.0,0.448
26,0,0.0,0.179,8,21.05,0.047,0,0.0,0.434
27,0,0.0,0.168,8,21.05,0.043,0,0.0,0.42
28,0,0.0,0.157,8,21.05,0.035,0,0.0,0.406
29,0,0.0,0.146,8,21.05,0.031,0,0.0,0.392
30,0,0.0,0.14,8,21.05,0.026,0,0.0,0.378
31,0,0.0,0.129,8,21.05,0.023,0,0.0,0.364
32,0,0.0,0.118,8,21.05,0.021,0,0.0,0.35
33,7,6.67,0.111,8,21.05,0.02,0,0.0,0.338
34,21,20.0,0.104,8,21.05,0.018,0,0.0,0.338
35,35,33.33,0.098,8,21.05,0.015,0,0.0,0.329
36,40,38.1,0.091,8,21.05,0.013,0,0.0,0.319
37,40,38.1,0.085,8,21.05,0.012,0,0.0,0.309
38,40,38.1,0.081,8,21.05,0.01,0,0.0,0.299
39,40,38.1,0.075,8,21.05,0.009,0,0.0,0.289
40,40,38.1,0.069,8,21.05,0.008,0,0.0,0.28
41,40,38.1,0.064,8,21.05,0.007,0,0.0,0.27
42,40,38.1,0.061,8,21.05,0.006,0,0.0,0.26
43,40,38.1,0.057,8,21.05,0.006,0,0.0,0.25
44,40,38.1,0.053,8,21.05,0.005,0,0.0,0.24
45,40,38.1,0.051,8,21.05,0.004,0,0.0,0.234
46,40,38.1,0.047,8,21.05,0.004,0,0.0,0.227
47,40,38.1,0.044,8,21.05,0.004,0,0.0,0.22
48,40,38.1,0.04,8,21.05,0.003,0,0.0,0.213
49,40,38.1,0.037,8,21.05,0.003,0,0.0,0.206
50,40,38.1,0.035,8,21.05,0.003,0,0.0,0.199
51,40,38.1,0.033,8,21.05,0.002,0,0.0,0.192
52,40,38.1,0.031,8,21.05,0.002,0,0.0,0.186
53,40,38.1,0.03,8,21.05,0.002,0,0.0,0.179
54,40,38.1,0.028,8,21.05,0.002,0,0.0,0.172
55,40,38.1,0.025,8,21.05,0.002,1,4.76,0.166
56,40,38.1,0.023,8,21.05,0.002,3,14.29,0.161
57,40,38.1,0.022,8,21.05,0.002,5,23.81,0.156
58,40,38.1,0.021,8,21.05,0.001,6,28.57,0.152
59,40,38.1,0.019,8,21.05,0.002,6,28.57,0.147
60,40,38.1,0.019,8,21.05,0.002,6,28.57,0.142
61,40,38.1,0.017,8,21.05,0.002,6,28.57,0.137
62,40,38.1,0.016,8,21.05,0.002,6,28.57,0.132
63,40,38.1,0.015,8,21.05,0.002,6,28.57,0.128
64,40,38.1,0.014,8,21.05,0.002,6,28.57,0.123
65,40,38.1,0.013,8,21.05,0.002,6,28.57,0.118
66,40,38.1,0.012,8,21.05,0.002,6,28.57,0.115
67,40,38.1,0.012,8,21.05,0.001,6,28.57,0.115
68,40,38.1,0.011,8,21.05,0.001,6,28.57,0.111
69,40,38.1,0.01,8,21.05,0.001,6,28.57,0.108
70,40,38.1,0.009,8,21.05,0.001,6,28.57,0.105
71,40,38.1,0.009,8,21.05,0.001,6,28.57,0.101
72,40,38.1,0.008,8,21.05,0.001,6,28.57,0.098
73,40,38.1,0.007,8,21.05,0.001,6,28.57,0.095
74,40,38.1,0.007,8,21.05,0.001,6,28.57,0.091
75,40,38.1,0.007,8,21.05,0.001,6,28.57,0.088
76,40,38.1,0.006,8,21.05,0.001,6,28.57,0.085
77,40,38.1,0.006,8,21.05,0.001,6,28.57,0.082
78,40,38.1,0.005,8,21.05,0.001,6,28.57,0.079
79,40,38.1,0.005,8,21.05,0.001,6,28.57,0.077
80,40,38.1,0.005,8,21.05,0.001,6,28.57,0.075
81,40,38.1,0.004,8,21.05,0.0,6,28.57,0.072
82,40,38.1,0.004,8,21.05,0.0,6,28.57,0.07
83,40,38.1,0.004,8,21.05,0.0,6,28.57,0.067
84,40,38.1,0.004,8,21.05,0.0,6,28.57,0.065
85,40,38.1,0.003,8,21.05,0.0,6,28.57,0.063
86,40,38.1,0.003,8,21.05,0.0,6,28.57,0.06
87,40,38.1,0.003,8,21.05,0.0,6,28.57,0.058
88,40,38.1,0.003,8,21.05,0.0,6,28.57,0.056
89,40,38.1,0.003,8,21.05,0.0,6,28.57,0.055
90,40,38.1,0.002,8,21.05,0.0,6,28.57,0.053
91,40,38.1,0.002,8,21.05,0.0,6,28.57,0.051
92,40,38.1,0.002,8,21.05,0.0,6,28.57,0.05
93,40,38.1,0.002,8,21.05,0.0,6,28.57,0.048
94,40,38.1,0.002,8,21.05,0.0,6,28.57,0.047
95,40,38.1,0.002,8,21.05,0.0,6,28.57,0.045
96,40,38.1,0.002,8,21.05,0.0,6,28.57,0.043
97,40,38.1,0.002,8,21.05,0.0,6,28.57,0.042
98,40,38.1,0.001,8,21.05,0.0,6,28.57,0.04
99,40,38.1,0.001,8,21.05,0.0,6,28.57,0.039
100,40,38.1,0.001,8,21.05,0.0,6,28.57,0.038
101,40,38.1,0.001,8,21.05,0.0,6,28.57,0.038
102,40,38.1,0.001,8,21.05,0.0,6,28.57,0.037
103,40,38.1,0.001,8,21.05,0.0,6,28.57,0.036
104,40,38.1,0.001,8,21.05,0.0,6,28.57,0.034
105,40,38.1,0.001,8,21.05,0.0,6,28.57,0.033
106,40,38.1,0.001,8,21.05,0.0,6,28.57,0.032
107,40,38.1,0.001,8,21.05,0.0,6,28.57,0.031
108,40,38.1,0.001,8,21.05,0.0,6,28.57,0.03
109,40,38.1,0.001,8,21.05,0.0,6,28.57,0.029
110,40,38.1,0.001,8,21.05,0.0,6,28.57,0.028
111,40,38.1,0.001,8,21.05,0.0,6,28.57,0.027
112,40,38.1,0.001,8,21.05,0.0,6,28.57,0.026
113,40,38.1,0.001,8,21.05,0.0,6,28.57,0.025
114,40,38.1,0.001,8,21.05,0.0,6,28.57,0.025
115,40,38.1,0.001,8,21.05,0.0,6,28.57,0.024
116,40,38.1,0.0,8,21.05,0.0,6,28.57,0.023
117,40,38.1,0.0,8,21.05,0.0,6,28.57,0.022
118,40,38.1,0.0,8,21.05,0.0,6,28.57,0.021
119,40,38.1,0.0,8,21.05,0.0,6,28.57,0.02
120,40,38.1,0.0,8,21.05,0.0,6,28.57,0.02
121,40,38.1,0.0,8,21.05,0.0,6,28.57,0.019
122,40,38.1,0.0,8,21.05,0.0,6,28.57,0.019
123,40,38.1,0.0,8,21.05,0.0,6,28.57,0.018
124,40,38.1,0.0,8,21.05,0.0,6,28.57,0.017
125,40,38.1,0.0,8,21.05,0.0,6,28.57,0.017
126,40,38.1,0.0,8,21.05,0.0,6,28.57,0.016
127,40,38.1,0.0,8,21.05,0.0,6,28.57,0.016
128,40,38.1,0.0,8,21.05,0.0,6,28.57,0.015
129,40,38.1,0.0,8,21.05,0.0,6,28.57,0.015
130,40,38.1,0.0,8,21.05,0.0,6,28.57,0.014
131,40,38.1,0.0,8,21.05,0.0,6,28.57,0.014
132,40,38.1,0.0,8,21.05,0.0,6,28.57,0.013
133,40,38.1,0.0,8,21.05,0.0,6,28.57,0.013
134,40,38.1,0.0,8,21.05,0.0,6,28.57,0.013
135,40,38.1,0.0,8,21.05,0.0,6,28.57,0.013
136,40,38.1,0.0,8,21.05,0.0,6,28.57,0.012
137,40,38.1,0.0,8,21.05,0.0,6,28.57,0.012
138,40,38.1,0.0,8,21.05,0.0,6,28.57,0.011
139,40,38.1,0.0,8,21.05,0.0,6,28.57,0.011
140,40,38.1,0.0,8,21.05,0.0,6,28.57,0.011
141,40,38.1,0.0,8,21.05,0.0,6,28.57,0.01
142,40,38.1,0.0,8,21.05,0.0,6,28.57,0.01
143,40,38.1,0.0,8,21.05,0.0,6,28.57,0.01
144,40,38.1,0.0,8,21.05,0.0,6,28.57,0.009
145,40,38.1,0.0,8,21.05,0.0,6,28.57,0.009
146,40,38.1,0.0,8,21.05,0.0,6,28.57,0.009
147,40,38.1,0.0,8,21.05,0.0,6,28.57,0.008
148,40,38.1,0.0,8,21.05,0.0,6,28.57,0.008
149,40,38.1,0.0,8,21.05,0.0,6,28.57,0.008
150,40,38.1,0.0,8,21.05,0.0,6,28.57,0.008
151,40,38.1,0.0,8,21.05,0.0,6,28.57,0.007
152,40,38.1,0.0,8,21.05,0.0,6,28.57,0.007
153,40,38.1,0.0,8,21.05,0.0,6,28.57,0.007
154,40,38.1,0.0,8,21.05,0.0,6,28.57,0.007
155,40,38.1,0.0,8,21.05,0.0,6,28.57,0.006
156,40,38.1,0.0,8,21.05,0.0,6,28.57,0.006
157,40,38.1,0.0,8,21.05,0.0,6,28.57,0.006
158,40,38.1,0.0,8,21.05,0.0,6,28.57,0.006
159,40,38.1,0.0,8,21.05,0.0,6,28.57,0.006
160,40,38.1,0.0,8,21.05,0.0,6,28.57,0.005
161,40,38.1,0.0,8,21.05,0.0,6,28.57,0.005
162,40,38.1,0.0,8,21.05,0.0,6,28.57,0.005
163,40,38.1,0.0,8,21.05,0.0,6,28.57,0.005
164,40,38.1,0.0,8,21.05,0.0,6,28.57,0.005
165,40,38.1,0.0,8,21.05,0.0,6,28.57,0.005
166,40,38.1,0.0,8,21.05,0.0,6,28.57,0.004
167,40,38.1,0.0,8,21.05,0.0,6,28.57,0.004
168,40,38.1,0.0,8,21.05,0.0,6,28.57,0.004
169,40,38.1,0.0,8,21.05,0.0,6,28.57,0.004
170,40,38.1,0.0,8,21.05,0.0,6,28.57,0.004
171,40,38.1,0.0,8,21.05,0.0,6,28.57,0.004
172,40,38.1,0.0,8,21.05,0.0,6,28.57,0.004
173,40,38.1,0.0,8,21.05,0.0,6,28.57,0.004
174,40,38.1,0.0,8,21.05,0.0,6,28.57,0.004
175,40,38.1,0.0,8,21.05,0.0,6,28.57,0.003
176,40,38.1,0.0,8,21.05,0.0,6,28.57,0.003
177,40,38.1,0.0,8,21.05,0.0,6,28.57,0.003
178,40,38.1,0.0,8,21.05,0.0,6,28.57,0.003
179,40,38.1,0.0,8,21.05,0.0,6,28.57,0.003
180,40,38.1,0.0,8,21.05,0.0,6,28.57,0.003
181,40,38.1,0.0,8,21.05,0.0,6,28.57,0.003
182,40,38.1,0.0,8,21.05,0.0,6,28.57,0.003
183,40,38.1,0.0,8,21.05,0.0,6,28.57,0.003
184,40,38.1,0.0,8,21.05,0.0,6,28.57,0.003
185,40,38.1,0.0,8,21.05,0.0,6,28.57,0.002
186,40,38.1,0.0,8,21.05,0.0,6,28.57,0.002
187,40,38.1,0.0,8,21.05,0.0,6,28.57,0.002
188,40,38.1,0.0,8,21.05,0.0,6,28.57,0.002
189,40,38.1,0.0,8,21.05,0.0,6,28.57,0.002
190,40,38.1,0.0,8,21.05,0.0,6,28.57,0.002
191,40,38.1,0.0,8,21.05,0.0,6,28.57,0.002
192,40,38.1,0.0,8,21.05,0.0,6,28.57,0.002
193,40,38.1,0.0,8,21.05,0.0,6,28.57,0.002
194,40,38.1,0.0,8,21.05,0.0,6,28.57,0.002
195,40,38.1,0.0,8,21.05,0.0,6,28.57,0.002
196,40,38.1,0.0,8,21.05,0.0,6,28.57,0.002
197,40,38.1,0.0,8,21.05,0.0,6,28.57,0.002
198,40,38.1,0.0,8,21.05,0.0,6,28.57,0.002
199,40,38.1,0.0,8,21.05,0.0,6,28.57,0.002
200,40,38.1,0.0,8,21.05,0.0,6,28.57,0.002
